Year,Yearly Salary
2013,81957.85740000001
2014,84720.978
2015,88731.94860000002
2016,89856.45180000001
2017,92245.0905
2018,95814.53370000001
2019,97132.34790000001
2020,98358.96330000002
2021,100521.17010000002
2022,107933.69520000002
